"compound",A,B,C,Tmin,Tmax
Benzene,6.81432,1090.4312,197.146,-9.60,103.04
Toluene,7.13657,1457.2871,231.827,5.65,136.67